Source,Rate category,Updated Parish,Month,Sum of Budget
Postpaid,EV,Clarendon,January 2026,72.9
Postpaid,EV,Clarendon,February 2026,65.85
Postpaid,EV,KSAN,January 2026,24022.36
Postpaid,EV,KSAN,February 2026,21599.81
Postpaid,EV,KSAS,January 2026,19.69
Postpaid,EV,KSAS,February 2026,15.81
Postpaid,EV,Manchester,January 2026,1422.4
Postpaid,EV,Manchester,February 2026,1764.4
Postpaid,EV,Portland,January 2026,26.05
Postpaid,EV,Portland,February 2026,24.31
Postpaid,EV,Portmore,January 2026,1469.6
Postpaid,EV,Portmore,February 2026,1714.4
Postpaid,EV,St. Ann,January 2026,4114.4
Postpaid,EV,St. Ann,February 2026,5275.2
Postpaid,EV,St. Catherine,January 2026,1581.2
Postpaid,EV,St. Catherine,February 2026,1504
Postpaid,EV,St. James,January 2026,3145.18
Postpaid,EV,St. James,February 2026,3467.55
Postpaid,EV,St. Mary,January 2026,21.67
Postpaid,EV,St. Mary,February 2026,19.75
Postpaid,EV,Westmoreland,January 2026,744.69
Postpaid,EV,Westmoreland,February 2026,504.33
Postpaid,RT10,Clarendon,January 2026,5582126.98
Postpaid,RT10,Clarendon,February 2026,4719137.44
Postpaid,RT10,Clarendon,March 2026,5230721
Postpaid,RT10,Clarendon,April 2026,5214707
Postpaid,RT10,Clarendon,May 2026,5458384
Postpaid,RT10,Clarendon,June 2026,5796920
Postpaid,RT10,Clarendon,July 2026,6000841
Postpaid,RT10,Clarendon,August 2026,6625254
Postpaid,RT10,Clarendon,September 2026,6084055
Postpaid,RT10,Clarendon,October 2026,5978308
Postpaid,RT10,Clarendon,November 2026,5668296
Postpaid,RT10,Clarendon,December 2026,5348633
Postpaid,RT10,Hanover,January 2026,1503416.11
Postpaid,RT10,Hanover,February 2026,1584006.65
Postpaid,RT10,Hanover,March 2026,1721166
Postpaid,RT10,Hanover,April 2026,1830290
Postpaid,RT10,Hanover,May 2026,2155295
Postpaid,RT10,Hanover,June 2026,2416133
Postpaid,RT10,Hanover,July 2026,2501127
Postpaid,RT10,Hanover,August 2026,2623311
Postpaid,RT10,Hanover,September 2026,2409020
Postpaid,RT10,Hanover,October 2026,2367149
Postpaid,RT10,Hanover,November 2026,2244398
Postpaid,RT10,Hanover,December 2026,2117825
Postpaid,RT10,KSAN,January 2026,17731658
Postpaid,RT10,KSAN,February 2026,15125774.45
Postpaid,RT10,KSAN,March 2026,17228905
Postpaid,RT10,KSAN,April 2026,17176159
Postpaid,RT10,KSAN,May 2026,17978780
Postpaid,RT10,KSAN,June 2026,19093846
Postpaid,RT10,KSAN,July 2026,19765521
Postpaid,RT10,KSAN,August 2026,21822206
Postpaid,RT10,KSAN,September 2026,20039608
Postpaid,RT10,KSAN,October 2026,19691300
Postpaid,RT10,KSAN,November 2026,18670187
Postpaid,RT10,KSAN,December 2026,17617284
Postpaid,RT10,KSAS,January 2026,7707423.364
Postpaid,RT10,KSAS,February 2026,6706132.6
Postpaid,RT10,KSAS,March 2026,7497861
Postpaid,RT10,KSAS,April 2026,7474906
Postpaid,RT10,KSAS,May 2026,7824200
Postpaid,RT10,KSAS,June 2026,8309466
Postpaid,RT10,KSAS,July 2026,8601773
Postpaid,RT10,KSAS,August 2026,9206104
Postpaid,RT10,KSAS,September 2026,8454082
Postpaid,RT10,KSAS,October 2026,8307142
Postpaid,RT10,KSAS,November 2026,7876366
Postpaid,RT10,KSAS,December 2026,7432179
Postpaid,RT10,Manchester,January 2026,4851386.71
Postpaid,RT10,Manchester,February 2026,4762049.76
Postpaid,RT10,Manchester,March 2026,5038569
Postpaid,RT10,Manchester,April 2026,5023143
Postpaid,RT10,Manchester,May 2026,5257869
Postpaid,RT10,Manchester,June 2026,5583968
Postpaid,RT10,Manchester,July 2026,5780399
Postpaid,RT10,Manchester,August 2026,6381873
Postpaid,RT10,Manchester,September 2026,5860555
Postpaid,RT10,Manchester,October 2026,5758693
Postpaid,RT10,Manchester,November 2026,5460070
Postpaid,RT10,Manchester,December 2026,5152150
Postpaid,RT10,Portland,January 2026,2713624.45
Postpaid,RT10,Portland,February 2026,2352883.098
Postpaid,RT10,Portland,March 2026,2579031
Postpaid,RT10,Portland,April 2026,2571135
Postpaid,RT10,Portland,May 2026,2691282
Postpaid,RT10,Portland,June 2026,2858198
Postpaid,RT10,Portland,July 2026,2958742
Postpaid,RT10,Portland,August 2026,3232585
Postpaid,RT10,Portland,September 2026,2968524
Postpaid,RT10,Portland,October 2026,2916928
Postpaid,RT10,Portland,November 2026,2765667
Postpaid,RT10,Portland,December 2026,2609698
Postpaid,RT10,Portmore,January 2026,8283871.41
Postpaid,RT10,Portmore,February 2026,6945840.51
Postpaid,RT10,Portmore,March 2026,8330726
Postpaid,RT10,Portmore,April 2026,8305222
Postpaid,RT10,Portmore,May 2026,8693315
Postpaid,RT10,Portmore,June 2026,9232485
Postpaid,RT10,Portmore,July 2026,9557261
Postpaid,RT10,Portmore,August 2026,10228722
Postpaid,RT10,Portmore,September 2026,9393165
Postpaid,RT10,Portmore,October 2026,9229903
Postpaid,RT10,Portmore,November 2026,8751276
Postpaid,RT10,Portmore,December 2026,8257749
Postpaid,RT10,St. Ann,January 2026,5505751.02
Postpaid,RT10,St. Ann,February 2026,5193458.79
Postpaid,RT10,St. Ann,March 2026,4538642
Postpaid,RT10,St. Ann,April 2026,5171140
Postpaid,RT10,St. Ann,May 2026,6089379
Postpaid,RT10,St. Ann,June 2026,6826330
Postpaid,RT10,St. Ann,July 2026,7066463
Postpaid,RT10,St. Ann,August 2026,7801759
Postpaid,RT10,St. Ann,September 2026,7164454
Postpaid,RT10,St. Ann,October 2026,7039928
Postpaid,RT10,St. Ann,November 2026,6674865
Postpaid,RT10,St. Ann,December 2026,6298437
Postpaid,RT10,St. Catherine,January 2026,10935741.53
Postpaid,RT10,St. Catherine,February 2026,9240609.97
Postpaid,RT10,St. Catherine,March 2026,11212649
Postpaid,RT10,St. Catherine,April 2026,11178321
Postpaid,RT10,St. Catherine,May 2026,11700671
Postpaid,RT10,St. Catherine,June 2026,12426360
Postpaid,RT10,St. Catherine,July 2026,12863489
Postpaid,RT10,St. Catherine,August 2026,13767235
Postpaid,RT10,St. Catherine,September 2026,12642626
Postpaid,RT10,St. Catherine,October 2026,12422885
Postpaid,RT10,St. Catherine,November 2026,11778683
Postpaid,RT10,St. Catherine,December 2026,11114425
Postpaid,RT10,St. Elizabeth,January 2026,2252398.14
Postpaid,RT10,St. Elizabeth,February 2026,2560404.47
Postpaid,RT10,St. Elizabeth,March 2026,3589256
Postpaid,RT10,St. Elizabeth,April 2026,3816818
Postpaid,RT10,St. Elizabeth,May 2026,4494571
Postpaid,RT10,St. Elizabeth,June 2026,5038514
Postpaid,RT10,St. Elizabeth,July 2026,5215757
Postpaid,RT10,St. Elizabeth,August 2026,5470554
Postpaid,RT10,St. Elizabeth,September 2026,5023679
Postpaid,RT10,St. Elizabeth,October 2026,4936363
Postpaid,RT10,St. Elizabeth,November 2026,4680382
Postpaid,RT10,St. Elizabeth,December 2026,4416433
Postpaid,RT10,St. James,January 2026,6214882.803
Postpaid,RT10,St. James,February 2026,6489572.66
Postpaid,RT10,St. James,March 2026,7092638
Postpaid,RT10,St. James,April 2026,7542319
Postpaid,RT10,St. James,May 2026,8881608
Postpaid,RT10,St. James,June 2026,9956481
Postpaid,RT10,St. James,July 2026,10306726
Postpaid,RT10,St. James,August 2026,11379184
Postpaid,RT10,St. James,September 2026,10449649
Postpaid,RT10,St. James,October 2026,10268024
Postpaid,RT10,St. James,November 2026,9735564
Postpaid,RT10,St. James,December 2026,9186528
Postpaid,RT10,St. Mary,January 2026,3948231.08
Postpaid,RT10,St. Mary,February 2026,3386951.89
Postpaid,RT10,St. Mary,March 2026,3783553
Postpaid,RT10,St. Mary,April 2026,3771970
Postpaid,RT10,St. Mary,May 2026,3948229
Postpaid,RT10,St. Mary,June 2026,4193103
Postpaid,RT10,St. Mary,July 2026,4340607
Postpaid,RT10,St. Mary,August 2026,4742345
Postpaid,RT10,St. Mary,September 2026,4354956
Postpaid,RT10,St. Mary,October 2026,4279262
Postpaid,RT10,St. Mary,November 2026,4057357
Postpaid,RT10,St. Mary,December 2026,3828543
Postpaid,RT10,St. Thomas,January 2026,2355399.69
Postpaid,RT10,St. Thomas,February 2026,2058001.66
Postpaid,RT10,St. Thomas,March 2026,2212469
Postpaid,RT10,St. Thomas,April 2026,2205695
Postpaid,RT10,St. Thomas,May 2026,2308765
Postpaid,RT10,St. Thomas,June 2026,2451957
Postpaid,RT10,St. Thomas,July 2026,2538211
Postpaid,RT10,St. Thomas,August 2026,2802323
Postpaid,RT10,St. Thomas,September 2026,2573408
Postpaid,RT10,St. Thomas,October 2026,2528680
Postpaid,RT10,St. Thomas,November 2026,2397552
Postpaid,RT10,St. Thomas,December 2026,2262343
Postpaid,RT10,Trelawny,January 2026,1624317.79
Postpaid,RT10,Trelawny,February 2026,1794570.76
Postpaid,RT10,Trelawny,March 2026,2291492
Postpaid,RT10,Trelawny,April 2026,2418858
Postpaid,RT10,Trelawny,May 2026,2531888
Postpaid,RT10,Trelawny,June 2026,2838303
Postpaid,RT10,Trelawny,July 2026,2938148
Postpaid,RT10,Trelawny,August 2026,3081681
Postpaid,RT10,Trelawny,September 2026,2829946
Postpaid,RT10,Trelawny,October 2026,2780759
Postpaid,RT10,Trelawny,November 2026,2636560
Postpaid,RT10,Trelawny,December 2026,2487872
Postpaid,RT10,Westmoreland,January 2026,1187040.42
Postpaid,RT10,Westmoreland,February 2026,1729726.2
Postpaid,RT10,Westmoreland,March 2026,3273538
Postpaid,RT10,Westmoreland,April 2026,3481084
Postpaid,RT10,Westmoreland,May 2026,4099219
Postpaid,RT10,Westmoreland,June 2026,4595317
Postpaid,RT10,Westmoreland,July 2026,4756969
Postpaid,RT10,Westmoreland,August 2026,4989354
Postpaid,RT10,Westmoreland,September 2026,4581787
Postpaid,RT10,Westmoreland,October 2026,4502151
Postpaid,RT10,Westmoreland,November 2026,4268687
Postpaid,RT10,Westmoreland,December 2026,4027955
Postpaid,RT20,Clarendon,January 2026,2771303.75
Postpaid,RT20,Clarendon,February 2026,2495394.28
Postpaid,RT20,Clarendon,March 2026,2752811
Postpaid,RT20,Clarendon,April 2026,2719893
Postpaid,RT20,Clarendon,May 2026,2810962
Postpaid,RT20,Clarendon,June 2026,2989004
Postpaid,RT20,Clarendon,July 2026,3084326
Postpaid,RT20,Clarendon,August 2026,3241997
Postpaid,RT20,Clarendon,September 2026,3171965
Postpaid,RT20,Clarendon,October 2026,3058831
Postpaid,RT20,Clarendon,November 2026,2947565
Postpaid,RT20,Clarendon,December 2026,2836494
Postpaid,RT20,Hanover,January 2026,737403.84
Postpaid,RT20,Hanover,February 2026,706021.47
Postpaid,RT20,Hanover,March 2026,772089
Postpaid,RT20,Hanover,April 2026,813714
Postpaid,RT20,Hanover,May 2026,946079
Postpaid,RT20,Hanover,June 2026,1061891
Postpaid,RT20,Hanover,July 2026,1095756
Postpaid,RT20,Hanover,August 2026,1094182
Postpaid,RT20,Hanover,September 2026,1070546
Postpaid,RT20,Hanover,October 2026,1032363
Postpaid,RT20,Hanover,November 2026,994810
Postpaid,RT20,Hanover,December 2026,957324
Postpaid,RT20,KSAN,January 2026,8355114.39
Postpaid,RT20,KSAN,February 2026,7829347.79
Postpaid,RT20,KSAN,March 2026,8811905
Postpaid,RT20,KSAN,April 2026,8706534
Postpaid,RT20,KSAN,May 2026,8998049
Postpaid,RT20,KSAN,June 2026,9567972
Postpaid,RT20,KSAN,July 2026,9873106
Postpaid,RT20,KSAN,August 2026,10377819
Postpaid,RT20,KSAN,September 2026,10153641
Postpaid,RT20,KSAN,October 2026,9791492
Postpaid,RT20,KSAN,November 2026,9435325
Postpaid,RT20,KSAN,December 2026,9079781
Postpaid,RT20,KSAS,January 2026,8650361.85
Postpaid,RT20,KSAS,February 2026,8349391.795
Postpaid,RT20,KSAS,March 2026,9828795
Postpaid,RT20,KSAS,April 2026,9711264
Postpaid,RT20,KSAS,May 2026,10036420
Postpaid,RT20,KSAS,June 2026,10672112
Postpaid,RT20,KSAS,July 2026,11012458
Postpaid,RT20,KSAS,August 2026,11221065
Postpaid,RT20,KSAS,September 2026,10978672
Postpaid,RT20,KSAS,October 2026,10587096
Postpaid,RT20,KSAS,November 2026,10201989
Postpaid,RT20,KSAS,December 2026,9817556
Postpaid,RT20,Manchester,January 2026,2150049.378
Postpaid,RT20,Manchester,February 2026,2105389.11
Postpaid,RT20,Manchester,March 2026,2322729
Postpaid,RT20,Manchester,April 2026,2294954
Postpaid,RT20,Manchester,May 2026,2371795
Postpaid,RT20,Manchester,June 2026,2522021
Postpaid,RT20,Manchester,July 2026,2602451
Postpaid,RT20,Manchester,August 2026,2735488
Postpaid,RT20,Manchester,September 2026,2676397
Postpaid,RT20,Manchester,October 2026,2580938
Postpaid,RT20,Manchester,November 2026,2487056
Postpaid,RT20,Manchester,December 2026,2393338
Postpaid,RT20,Portland,January 2026,1135358.89
Postpaid,RT20,Portland,February 2026,1049247.72
Postpaid,RT20,Portland,March 2026,1182731
Postpaid,RT20,Portland,April 2026,1168588
Postpaid,RT20,Portland,May 2026,1207716
Postpaid,RT20,Portland,June 2026,1284210
Postpaid,RT20,Portland,July 2026,1325165
Postpaid,RT20,Portland,August 2026,1378398
Postpaid,RT20,Portland,September 2026,1348623
Postpaid,RT20,Portland,October 2026,1300522
Postpaid,RT20,Portland,November 2026,1253215
Postpaid,RT20,Portland,December 2026,1205991
Postpaid,RT20,Portmore,January 2026,1947808.02
Postpaid,RT20,Portmore,February 2026,1814903.008
Postpaid,RT20,Portmore,March 2026,2037234
Postpaid,RT20,Portmore,April 2026,2012873
Postpaid,RT20,Portmore,May 2026,2080269
Postpaid,RT20,Portmore,June 2026,2212030
Postpaid,RT20,Portmore,July 2026,2282574
Postpaid,RT20,Portmore,August 2026,2325813
Postpaid,RT20,Portmore,September 2026,2275571
Postpaid,RT20,Portmore,October 2026,2194409
Postpaid,RT20,Portmore,November 2026,2114587
Postpaid,RT20,Portmore,December 2026,2034904
Postpaid,RT20,St. Ann,January 2026,3644393.83
Postpaid,RT20,St. Ann,February 2026,3442282.32
Postpaid,RT20,St. Ann,March 2026,2899856
Postpaid,RT20,St. Ann,April 2026,3274492
Postpaid,RT20,St. Ann,May 2026,3807146
Postpaid,RT20,St. Ann,June 2026,4273189
Postpaid,RT20,St. Ann,July 2026,4409466
Postpaid,RT20,St. Ann,August 2026,4634878
Postpaid,RT20,St. Ann,September 2026,4534757
Postpaid,RT20,St. Ann,October 2026,4373016
Postpaid,RT20,St. Ann,November 2026,4213947
Postpaid,RT20,St. Ann,December 2026,4055156
Postpaid,RT20,St. Catherine,January 2026,4415143.68
Postpaid,RT20,St. Catherine,February 2026,3927632.19
Postpaid,RT20,St. Catherine,March 2026,4683618
Postpaid,RT20,St. Catherine,April 2026,4627612
Postpaid,RT20,St. Catherine,May 2026,4782556
Postpaid,RT20,St. Catherine,June 2026,5085475
Postpaid,RT20,St. Catherine,July 2026,5247657
Postpaid,RT20,St. Catherine,August 2026,5347063
Postpaid,RT20,St. Catherine,September 2026,5231557
Postpaid,RT20,St. Catherine,October 2026,5044964
Postpaid,RT20,St. Catherine,November 2026,4861452
Postpaid,RT20,St. Catherine,December 2026,4678262
Postpaid,RT20,St. Elizabeth,January 2026,1288705.266
Postpaid,RT20,St. Elizabeth,February 2026,1446727.47
Postpaid,RT20,St. Elizabeth,March 2026,1668158
Postpaid,RT20,St. Elizabeth,April 2026,1758092
Postpaid,RT20,St. Elizabeth,May 2026,2044076
Postpaid,RT20,St. Elizabeth,June 2026,2294298
Postpaid,RT20,St. Elizabeth,July 2026,2367465
Postpaid,RT20,St. Elizabeth,August 2026,2364066
Postpaid,RT20,St. Elizabeth,September 2026,2312998
Postpaid,RT20,St. Elizabeth,October 2026,2230500
Postpaid,RT20,St. Elizabeth,November 2026,2149366
Postpaid,RT20,St. Elizabeth,December 2026,2068373
Postpaid,RT20,St. James,January 2026,4337880.46
Postpaid,RT20,St. James,February 2026,3993747.45
Postpaid,RT20,St. James,March 2026,4741894
Postpaid,RT20,St. James,April 2026,4997538
Postpaid,RT20,St. James,May 2026,5810476
Postpaid,RT20,St. James,June 2026,6521752
Postpaid,RT20,St. James,July 2026,6729739
Postpaid,RT20,St. James,August 2026,7073763
Postpaid,RT20,St. James,September 2026,6920958
Postpaid,RT20,St. James,October 2026,6674109
Postpaid,RT20,St. James,November 2026,6431337
Postpaid,RT20,St. James,December 2026,6188990
Postpaid,RT20,St. Mary,January 2026,1428296.23
Postpaid,RT20,St. Mary,February 2026,1264197.56
Postpaid,RT20,St. Mary,March 2026,1377947
Postpaid,RT20,St. Mary,April 2026,1361469
Postpaid,RT20,St. Mary,May 2026,1407055
Postpaid,RT20,St. Mary,June 2026,1496175
Postpaid,RT20,St. Mary,July 2026,1543890
Postpaid,RT20,St. Mary,August 2026,1605909
Postpaid,RT20,St. Mary,September 2026,1571219
Postpaid,RT20,St. Mary,October 2026,1515179
Postpaid,RT20,St. Mary,November 2026,1460064
Postpaid,RT20,St. Mary,December 2026,1405045
Postpaid,RT20,St. Thomas,January 2026,1069665.96
Postpaid,RT20,St. Thomas,February 2026,1018637.32
Postpaid,RT20,St. Thomas,March 2026,1071076
Postpaid,RT20,St. Thomas,April 2026,1058268
Postpaid,RT20,St. Thomas,May 2026,1093702
Postpaid,RT20,St. Thomas,June 2026,1162975
Postpaid,RT20,St. Thomas,July 2026,1200064
Postpaid,RT20,St. Thomas,August 2026,1261411
Postpaid,RT20,St. Thomas,September 2026,1234162
Postpaid,RT20,St. Thomas,October 2026,1190144
Postpaid,RT20,St. Thomas,November 2026,1146852
Postpaid,RT20,St. Thomas,December 2026,1103636
Postpaid,RT20,Trelawny,January 2026,909421.63
Postpaid,RT20,Trelawny,February 2026,847203.86
Postpaid,RT20,Trelawny,March 2026,1057367
Postpaid,RT20,Trelawny,April 2026,1106178
Postpaid,RT20,Trelawny,May 2026,1143215
Postpaid,RT20,Trelawny,June 2026,1283160
Postpaid,RT20,Trelawny,July 2026,1324081
Postpaid,RT20,Trelawny,August 2026,1322180
Postpaid,RT20,Trelawny,September 2026,1293618
Postpaid,RT20,Trelawny,October 2026,1247479
Postpaid,RT20,Trelawny,November 2026,1202102
Postpaid,RT20,Trelawny,December 2026,1156804
Postpaid,RT20,Westmoreland,January 2026,1456916.6
Postpaid,RT20,Westmoreland,February 2026,1508534.62
Postpaid,RT20,Westmoreland,March 2026,2072936
Postpaid,RT20,Westmoreland,April 2026,2184692
Postpaid,RT20,Westmoreland,May 2026,2540071
Postpaid,RT20,Westmoreland,June 2026,2851008
Postpaid,RT20,Westmoreland,July 2026,2941930
Postpaid,RT20,Westmoreland,August 2026,2937705
Postpaid,RT20,Westmoreland,September 2026,2874246
Postpaid,RT20,Westmoreland,October 2026,2771730
Postpaid,RT20,Westmoreland,November 2026,2670908
Postpaid,RT20,Westmoreland,December 2026,2570262
Postpaid,RT40,Clarendon,January 2026,3548359.01
Postpaid,RT40,Clarendon,February 2026,3441733.64
Postpaid,RT40,Clarendon,March 2026,3666667
Postpaid,RT40,Clarendon,April 2026,3797326
Postpaid,RT40,Clarendon,May 2026,3535879
Postpaid,RT40,Clarendon,June 2026,3849207
Postpaid,RT40,Clarendon,July 2026,4009385
Postpaid,RT40,Clarendon,August 2026,4104789
Postpaid,RT40,Clarendon,September 2026,4162048
Postpaid,RT40,Clarendon,October 2026,4174325
Postpaid,RT40,Clarendon,November 2026,4194174
Postpaid,RT40,Clarendon,December 2026,4136168
Postpaid,RT40,Hanover,January 2026,1220175.19
Postpaid,RT40,Hanover,February 2026,1006768.03
Postpaid,RT40,Hanover,March 2026,1062519
Postpaid,RT40,Hanover,April 2026,1173740
Postpaid,RT40,Hanover,May 2026,1229543
Postpaid,RT40,Hanover,June 2026,1412859
Postpaid,RT40,Hanover,July 2026,1471653
Postpaid,RT40,Hanover,August 2026,1431337
Postpaid,RT40,Hanover,September 2026,1451303
Postpaid,RT40,Hanover,October 2026,1455584
Postpaid,RT40,Hanover,November 2026,1462506
Postpaid,RT40,Hanover,December 2026,1442279
Postpaid,RT40,KSAN,January 2026,12298331.21
Postpaid,RT40,KSAN,February 2026,11409278.46
Postpaid,RT40,KSAN,March 2026,13604328
Postpaid,RT40,KSAN,April 2026,14089109
Postpaid,RT40,KSAN,May 2026,13119071
Postpaid,RT40,KSAN,June 2026,14281602
Postpaid,RT40,KSAN,July 2026,14875906
Postpaid,RT40,KSAN,August 2026,15229880
Postpaid,RT40,KSAN,September 2026,15442325
Postpaid,RT40,KSAN,October 2026,15487876
Postpaid,RT40,KSAN,November 2026,15561524
Postpaid,RT40,KSAN,December 2026,15346303
Postpaid,RT40,KSAS,January 2026,10893478.26
Postpaid,RT40,KSAS,February 2026,10485181.93
Postpaid,RT40,KSAS,March 2026,13086026
Postpaid,RT40,KSAS,April 2026,13552339
Postpaid,RT40,KSAS,May 2026,12619257
Postpaid,RT40,KSAS,June 2026,13737498
Postpaid,RT40,KSAS,July 2026,14309160
Postpaid,RT40,KSAS,August 2026,14201189
Postpaid,RT40,KSAS,September 2026,14399285
Postpaid,RT40,KSAS,October 2026,14441760
Postpaid,RT40,KSAS,November 2026,14510433
Postpaid,RT40,KSAS,December 2026,14309748
Postpaid,RT40,Manchester,January 2026,1778730.82
Postpaid,RT40,Manchester,February 2026,1763645.11
Postpaid,RT40,Manchester,March 2026,1909076
Postpaid,RT40,Manchester,April 2026,1977105
Postpaid,RT40,Manchester,May 2026,1840981
Postpaid,RT40,Manchester,June 2026,2004117
Postpaid,RT40,Manchester,July 2026,2087515
Postpaid,RT40,Manchester,August 2026,2137187
Postpaid,RT40,Manchester,September 2026,2167000
Postpaid,RT40,Manchester,October 2026,2173392
Postpaid,RT40,Manchester,November 2026,2183727
Postpaid,RT40,Manchester,December 2026,2153525
Postpaid,RT40,Portland,January 2026,657087.24
Postpaid,RT40,Portland,February 2026,638105.47
Postpaid,RT40,Portland,March 2026,681127
Postpaid,RT40,Portland,April 2026,705398
Postpaid,RT40,Portland,May 2026,656831
Postpaid,RT40,Portland,June 2026,715036
Postpaid,RT40,Portland,July 2026,744791
Postpaid,RT40,Portland,August 2026,754570
Postpaid,RT40,Portland,September 2026,765096
Postpaid,RT40,Portland,October 2026,767353
Postpaid,RT40,Portland,November 2026,771002
Postpaid,RT40,Portland,December 2026,760338
Postpaid,RT40,Portmore,January 2026,3798469.3
Postpaid,RT40,Portmore,February 2026,3697361.46
Postpaid,RT40,Portmore,March 2026,4235704
Postpaid,RT40,Portmore,April 2026,4386641
Postpaid,RT40,Portmore,May 2026,4084620
Postpaid,RT40,Portmore,June 2026,4446574
Postpaid,RT40,Portmore,July 2026,4631610
Postpaid,RT40,Portmore,August 2026,4596662
Postpaid,RT40,Portmore,September 2026,4660782
Postpaid,RT40,Portmore,October 2026,4674530
Postpaid,RT40,Portmore,November 2026,4696758
Postpaid,RT40,Portmore,December 2026,4631800
Postpaid,RT40,St. Ann,January 2026,2865862.85
Postpaid,RT40,St. Ann,February 2026,2720827.2
Postpaid,RT40,St. Ann,March 2026,2579853
Postpaid,RT40,St. Ann,April 2026,3053467
Postpaid,RT40,St. Ann,May 2026,3198640
Postpaid,RT40,St. Ann,June 2026,3675533
Postpaid,RT40,St. Ann,July 2026,3828484
Postpaid,RT40,St. Ann,August 2026,3919583
Postpaid,RT40,St. Ann,September 2026,3974258
Postpaid,RT40,St. Ann,October 2026,3985981
Postpaid,RT40,St. Ann,November 2026,4004935
Postpaid,RT40,St. Ann,December 2026,3949546
Postpaid,RT40,St. Catherine,January 2026,6894991.27
Postpaid,RT40,St. Catherine,February 2026,6485231.78
Postpaid,RT40,St. Catherine,March 2026,7516385
Postpaid,RT40,St. Catherine,April 2026,7784226
Postpaid,RT40,St. Catherine,May 2026,7248281
Postpaid,RT40,St. Catherine,June 2026,7890579
Postpaid,RT40,St. Catherine,July 2026,8218931
Postpaid,RT40,St. Catherine,August 2026,8156915
Postpaid,RT40,St. Catherine,September 2026,8270698
Postpaid,RT40,St. Catherine,October 2026,8295094
Postpaid,RT40,St. Catherine,November 2026,8334539
Postpaid,RT40,St. Catherine,December 2026,8219269
Postpaid,RT40,St. Elizabeth,January 2026,1931024.4
Postpaid,RT40,St. Elizabeth,February 2026,1999573.28
Postpaid,RT40,St. Elizabeth,March 2026,2336258
Postpaid,RT40,St. Elizabeth,April 2026,2580810
Postpaid,RT40,St. Elizabeth,May 2026,2703511
Postpaid,RT40,St. Elizabeth,June 2026,3106583
Postpaid,RT40,St. Elizabeth,July 2026,3235858
Postpaid,RT40,St. Elizabeth,August 2026,3147213
Postpaid,RT40,St. Elizabeth,September 2026,3191114
Postpaid,RT40,St. Elizabeth,October 2026,3200527
Postpaid,RT40,St. Elizabeth,November 2026,3215747
Postpaid,RT40,St. Elizabeth,December 2026,3171272
Postpaid,RT40,St. James,January 2026,5377194.69
Postpaid,RT40,St. James,February 2026,4703803.36
Postpaid,RT40,St. James,March 2026,5841482
Postpaid,RT40,St. James,April 2026,6452949
Postpaid,RT40,St. James,May 2026,6759744
Postpaid,RT40,St. James,June 2026,7767571
Postpaid,RT40,St. James,July 2026,8090804
Postpaid,RT40,St. James,August 2026,8283326
Postpaid,RT40,St. James,September 2026,8398872
Postpaid,RT40,St. James,October 2026,8423647
Postpaid,RT40,St. James,November 2026,8463703
Postpaid,RT40,St. James,December 2026,8346647
Postpaid,RT40,St. Mary,January 2026,1010940.2
Postpaid,RT40,St. Mary,February 2026,971103.19
Postpaid,RT40,St. Mary,March 2026,1257257
Postpaid,RT40,St. Mary,April 2026,1302058
Postpaid,RT40,St. Mary,May 2026,1212411
Postpaid,RT40,St. Mary,June 2026,1319848
Postpaid,RT40,St. Mary,July 2026,1374771
Postpaid,RT40,St. Mary,August 2026,1392822
Postpaid,RT40,St. Mary,September 2026,1412251
Postpaid,RT40,St. Mary,October 2026,1416417
Postpaid,RT40,St. Mary,November 2026,1423152
Postpaid,RT40,St. Mary,December 2026,1403470
Postpaid,RT40,St. Thomas,January 2026,928001.12
Postpaid,RT40,St. Thomas,February 2026,869033.34
Postpaid,RT40,St. Thomas,March 2026,810326
Postpaid,RT40,St. Thomas,April 2026,839202
Postpaid,RT40,St. Thomas,May 2026,781422
Postpaid,RT40,St. Thomas,June 2026,850667
Postpaid,RT40,St. Thomas,July 2026,886066
Postpaid,RT40,St. Thomas,August 2026,907150
Postpaid,RT40,St. Thomas,September 2026,919804
Postpaid,RT40,St. Thomas,October 2026,922518
Postpaid,RT40,St. Thomas,November 2026,926904
Postpaid,RT40,St. Thomas,December 2026,914085
Postpaid,RT40,Trelawny,January 2026,1073549.53
Postpaid,RT40,Trelawny,February 2026,979182.35
Postpaid,RT40,Trelawny,March 2026,1241310
Postpaid,RT40,Trelawny,April 2026,1361164
Postpaid,RT40,Trelawny,May 2026,1267447
Postpaid,RT40,Trelawny,June 2026,1456414
Postpaid,RT40,Trelawny,July 2026,1517020
Postpaid,RT40,Trelawny,August 2026,1475462
Postpaid,RT40,Trelawny,September 2026,1496043
Postpaid,RT40,Trelawny,October 2026,1500456
Postpaid,RT40,Trelawny,November 2026,1507591
Postpaid,RT40,Trelawny,December 2026,1486741
Postpaid,RT40,Westmoreland,January 2026,1737777.21
Postpaid,RT40,Westmoreland,February 2026,1653178.83
Postpaid,RT40,Westmoreland,March 2026,1920498
Postpaid,RT40,Westmoreland,April 2026,2121529
Postpaid,RT40,Westmoreland,May 2026,2222394
Postpaid,RT40,Westmoreland,June 2026,2553736
Postpaid,RT40,Westmoreland,July 2026,2660005
Postpaid,RT40,Westmoreland,August 2026,2587135
Postpaid,RT40,Westmoreland,September 2026,2623224
Postpaid,RT40,Westmoreland,October 2026,2630962
Postpaid,RT40,Westmoreland,November 2026,2643472
Postpaid,RT40,Westmoreland,December 2026,2606912
Postpaid,RT50,Clarendon,January 2026,719428.49
Postpaid,RT50,Clarendon,February 2026,661131.39
Postpaid,RT50,Clarendon,March 2026,781969
Postpaid,RT50,Clarendon,April 2026,694156
Postpaid,RT50,Clarendon,May 2026,797688
Postpaid,RT50,Clarendon,June 2026,806675
Postpaid,RT50,Clarendon,July 2026,835459
Postpaid,RT50,Clarendon,August 2026,909746
Postpaid,RT50,Clarendon,September 2026,914349
Postpaid,RT50,Clarendon,October 2026,875500
Postpaid,RT50,Clarendon,November 2026,859471
Postpaid,RT50,Clarendon,December 2026,904224
Postpaid,RT50,Hanover,January 2026,37435.2
Postpaid,RT50,Hanover,February 2026,31363.2
Postpaid,RT50,Hanover,March 2026,26880
Postpaid,RT50,Hanover,April 2026,25452
Postpaid,RT50,Hanover,May 2026,32904
Postpaid,RT50,Hanover,June 2026,35123
Postpaid,RT50,Hanover,July 2026,36377
Postpaid,RT50,Hanover,August 2026,37631
Postpaid,RT50,Hanover,September 2026,37821
Postpaid,RT50,Hanover,October 2026,36214
Postpaid,RT50,Hanover,November 2026,35551
Postpaid,RT50,Hanover,December 2026,37402
Postpaid,RT50,KSAN,January 2026,2391111
Postpaid,RT50,KSAN,February 2026,2229760.2
Postpaid,RT50,KSAN,March 2026,2840569
Postpaid,RT50,KSAN,April 2026,2521582
Postpaid,RT50,KSAN,May 2026,2897671
Postpaid,RT50,KSAN,June 2026,2930317
Postpaid,RT50,KSAN,July 2026,3034876
Postpaid,RT50,KSAN,August 2026,3304730
Postpaid,RT50,KSAN,September 2026,3321452
Postpaid,RT50,KSAN,October 2026,3180327
Postpaid,RT50,KSAN,November 2026,3122101
Postpaid,RT50,KSAN,December 2026,3284670
Postpaid,RT50,KSAS,January 2026,12225019.05
Postpaid,RT50,KSAS,February 2026,13122331.2
Postpaid,RT50,KSAS,March 2026,9918121
Postpaid,RT50,KSAS,April 2026,8804346
Postpaid,RT50,KSAS,May 2026,10117499
Postpaid,RT50,KSAS,June 2026,10231486
Postpaid,RT50,KSAS,July 2026,10596564
Postpaid,RT50,KSAS,August 2026,11185556
Postpaid,RT50,KSAS,September 2026,11242156
Postpaid,RT50,KSAS,October 2026,10764488
Postpaid,RT50,KSAS,November 2026,10567410
Postpaid,RT50,KSAS,December 2026,11117660
Postpaid,RT50,Manchester,January 2026,673214.77
Postpaid,RT50,Manchester,February 2026,675170.96
Postpaid,RT50,Manchester,March 2026,661597
Postpaid,RT50,Manchester,April 2026,587302
Postpaid,RT50,Manchester,May 2026,674897
Postpaid,RT50,Manchester,June 2026,682500
Postpaid,RT50,Manchester,July 2026,706853
Postpaid,RT50,Manchester,August 2026,769705
Postpaid,RT50,Manchester,September 2026,773599
Postpaid,RT50,Manchester,October 2026,740730
Postpaid,RT50,Manchester,November 2026,727169
Postpaid,RT50,Manchester,December 2026,765033
Postpaid,RT50,Portland,March 2026,0
Postpaid,RT50,Portland,April 2026,0
Postpaid,RT50,Portland,May 2026,0
Postpaid,RT50,Portland,June 2026,0
Postpaid,RT50,Portland,July 2026,0
Postpaid,RT50,Portland,August 2026,0
Postpaid,RT50,Portland,September 2026,0
Postpaid,RT50,Portland,October 2026,0
Postpaid,RT50,Portland,November 2026,0
Postpaid,RT50,Portland,December 2026,0
Postpaid,RT50,Portmore,January 2026,32243.2
Postpaid,RT50,Portmore,February 2026,23786.4
Postpaid,RT50,Portmore,March 2026,83195
Postpaid,RT50,Portmore,April 2026,73852
Postpaid,RT50,Portmore,May 2026,84867
Postpaid,RT50,Portmore,June 2026,85824
Postpaid,RT50,Portmore,July 2026,88886
Postpaid,RT50,Portmore,August 2026,93826
Postpaid,RT50,Portmore,September 2026,94301
Postpaid,RT50,Portmore,October 2026,90294
Postpaid,RT50,Portmore,November 2026,88641
Postpaid,RT50,Portmore,December 2026,93257
Postpaid,RT50,St. Ann,January 2026,890288.4
Postpaid,RT50,St. Ann,February 2026,772860
Postpaid,RT50,St. Ann,March 2026,1000331
Postpaid,RT50,St. Ann,April 2026,1014853
Postpaid,RT50,St. Ann,May 2026,1311994
Postpaid,RT50,St. Ann,June 2026,1400485
Postpaid,RT50,St. Ann,July 2026,1450457
Postpaid,RT50,St. Ann,August 2026,1579428
Postpaid,RT50,St. Ann,September 2026,1587420
Postpaid,RT50,St. Ann,October 2026,1519972
Postpaid,RT50,St. Ann,November 2026,1492144
Postpaid,RT50,St. Ann,December 2026,1569841
Postpaid,RT50,St. Catherine,January 2026,3016412.32
Postpaid,RT50,St. Catherine,February 2026,3047950.66
Postpaid,RT50,St. Catherine,March 2026,4353437
Postpaid,RT50,St. Catherine,April 2026,3864559
Postpaid,RT50,St. Catherine,May 2026,4440951
Postpaid,RT50,St. Catherine,June 2026,4490984
Postpaid,RT50,St. Catherine,July 2026,4651230
Postpaid,RT50,St. Catherine,August 2026,4909761
Postpaid,RT50,St. Catherine,September 2026,4934605
Postpaid,RT50,St. Catherine,October 2026,4724939
Postpaid,RT50,St. Catherine,November 2026,4638434
Postpaid,RT50,St. Catherine,December 2026,4879959
Postpaid,RT50,St. Elizabeth,January 2026,183315.81
Postpaid,RT50,St. Elizabeth,February 2026,187106.71
Postpaid,RT50,St. Elizabeth,March 2026,351128
Postpaid,RT50,St. Elizabeth,April 2026,332477
Postpaid,RT50,St. Elizabeth,May 2026,429823
Postpaid,RT50,St. Elizabeth,June 2026,458814
Postpaid,RT50,St. Elizabeth,July 2026,475185
Postpaid,RT50,St. Elizabeth,August 2026,491566
Postpaid,RT50,St. Elizabeth,September 2026,494053
Postpaid,RT50,St. Elizabeth,October 2026,473061
Postpaid,RT50,St. Elizabeth,November 2026,464401
Postpaid,RT50,St. Elizabeth,December 2026,488582
Postpaid,RT50,St. James,January 2026,2896884.8
Postpaid,RT50,St. James,February 2026,2430444.4
Postpaid,RT50,St. James,March 2026,3514972
Postpaid,RT50,St. James,April 2026,3328268
Postpaid,RT50,St. James,May 2026,4302758
Postpaid,RT50,St. James,June 2026,4592970
Postpaid,RT50,St. James,July 2026,4756855
Postpaid,RT50,St. James,August 2026,5179823
Postpaid,RT50,St. James,September 2026,5206033
Postpaid,RT50,St. James,October 2026,4984834
Postpaid,RT50,St. James,November 2026,4893571
Postpaid,RT50,St. James,December 2026,5148381
Postpaid,RT50,St. Mary,January 2026,114843.6
Postpaid,RT50,St. Mary,February 2026,118375.2
Postpaid,RT50,St. Mary,March 2026,354499
Postpaid,RT50,St. Mary,April 2026,314690
Postpaid,RT50,St. Mary,May 2026,361626
Postpaid,RT50,St. Mary,June 2026,365700
Postpaid,RT50,St. Mary,July 2026,378749
Postpaid,RT50,St. Mary,August 2026,408130
Postpaid,RT50,St. Mary,September 2026,410195
Postpaid,RT50,St. Mary,October 2026,392766
Postpaid,RT50,St. Mary,November 2026,385575
Postpaid,RT50,St. Mary,December 2026,405653
Postpaid,RT50,St. Thomas,January 2026,206198.4
Postpaid,RT50,St. Thomas,February 2026,198504
Postpaid,RT50,St. Thomas,March 2026,227141
Postpaid,RT50,St. Thomas,April 2026,201634
Postpaid,RT50,St. Thomas,May 2026,231707
Postpaid,RT50,St. Thomas,June 2026,234318
Postpaid,RT50,St. Thomas,July 2026,242679
Postpaid,RT50,St. Thomas,August 2026,264257
Postpaid,RT50,St. Thomas,September 2026,265594
Postpaid,RT50,St. Thomas,October 2026,254309
Postpaid,RT50,St. Thomas,November 2026,249653
Postpaid,RT50,St. Thomas,December 2026,262653
Postpaid,RT50,Trelawny,January 2026,894549.6
Postpaid,RT50,Trelawny,February 2026,858739.2
Postpaid,RT50,Trelawny,March 2026,1707364
Postpaid,RT50,Trelawny,April 2026,1604787
Postpaid,RT50,Trelawny,May 2026,1844139
Postpaid,RT50,Trelawny,June 2026,1968522
Postpaid,RT50,Trelawny,July 2026,2038762
Postpaid,RT50,Trelawny,August 2026,2109042
Postpaid,RT50,Trelawny,September 2026,2119713
Postpaid,RT50,Trelawny,October 2026,2029649
Postpaid,RT50,Trelawny,November 2026,1992490
Postpaid,RT50,Trelawny,December 2026,2096240
Postpaid,RT50,Westmoreland,January 2026,2442957.6
Postpaid,RT50,Westmoreland,February 2026,2354946
Postpaid,RT50,Westmoreland,March 2026,2747875
Postpaid,RT50,Westmoreland,April 2026,2601917
Postpaid,RT50,Westmoreland,May 2026,3363736
Postpaid,RT50,Westmoreland,June 2026,3590613
Postpaid,RT50,Westmoreland,July 2026,3718732
Postpaid,RT50,Westmoreland,August 2026,3846923
Postpaid,RT50,Westmoreland,September 2026,3866389
Postpaid,RT50,Westmoreland,October 2026,3702110
Postpaid,RT50,Westmoreland,November 2026,3634331
Postpaid,RT50,Westmoreland,December 2026,3823572
Postpaid,RT60-ST,Clarendon,January 2026,166567.92
Postpaid,RT60-ST,Clarendon,February 2026,162611.16
Postpaid,RT60-ST,Clarendon,March 2026,181659
Postpaid,RT60-ST,Clarendon,April 2026,181496
Postpaid,RT60-ST,Clarendon,May 2026,181487
Postpaid,RT60-ST,Clarendon,June 2026,183555
Postpaid,RT60-ST,Clarendon,July 2026,184392
Postpaid,RT60-ST,Clarendon,August 2026,193551
Postpaid,RT60-ST,Clarendon,September 2026,189936
Postpaid,RT60-ST,Clarendon,October 2026,184279
Postpaid,RT60-ST,Clarendon,November 2026,189675
Postpaid,RT60-ST,Clarendon,December 2026,190506
Postpaid,RT60-ST,Hanover,January 2026,33927.2
Postpaid,RT60-ST,Hanover,February 2026,51319.2
Postpaid,RT60-ST,Hanover,March 2026,66825
Postpaid,RT60-ST,Hanover,April 2026,71216
Postpaid,RT60-ST,Hanover,May 2026,80114
Postpaid,RT60-ST,Hanover,June 2026,85528
Postpaid,RT60-ST,Hanover,July 2026,85918
Postpaid,RT60-ST,Hanover,August 2026,85677
Postpaid,RT60-ST,Hanover,September 2026,84077
Postpaid,RT60-ST,Hanover,October 2026,81572
Postpaid,RT60-ST,Hanover,November 2026,83961
Postpaid,RT60-ST,Hanover,December 2026,84329
Postpaid,RT60-ST,KSAN,January 2026,18290.31
Postpaid,RT60-ST,KSAN,February 2026,17363.43
Postpaid,RT60-ST,KSAN,March 2026,15903
Postpaid,RT60-ST,KSAN,April 2026,15889
Postpaid,RT60-ST,KSAN,May 2026,15888
Postpaid,RT60-ST,KSAN,June 2026,16069
Postpaid,RT60-ST,KSAN,July 2026,16142
Postpaid,RT60-ST,KSAN,August 2026,16944
Postpaid,RT60-ST,KSAN,September 2026,16627
Postpaid,RT60-ST,KSAN,October 2026,16132
Postpaid,RT60-ST,KSAN,November 2026,16605
Postpaid,RT60-ST,KSAN,December 2026,16677
Postpaid,RT60-ST,KSAS,January 2026,623630.88
Postpaid,RT60-ST,KSAS,February 2026,612863.99
Postpaid,RT60-ST,KSAS,March 2026,826896
Postpaid,RT60-ST,KSAS,April 2026,826153
Postpaid,RT60-ST,KSAS,May 2026,826114
Postpaid,RT60-ST,KSAS,June 2026,835525
Postpaid,RT60-ST,KSAS,July 2026,839334
Postpaid,RT60-ST,KSAS,August 2026,854056
Postpaid,RT60-ST,KSAS,September 2026,838106
Postpaid,RT60-ST,KSAS,October 2026,813142
Postpaid,RT60-ST,KSAS,November 2026,836952
Postpaid,RT60-ST,KSAS,December 2026,840619
Postpaid,RT60-ST,Manchester,January 2026,148058.59
Postpaid,RT60-ST,Manchester,February 2026,146201.38
Postpaid,RT60-ST,Manchester,March 2026,174650
Postpaid,RT60-ST,Manchester,April 2026,174493
Postpaid,RT60-ST,Manchester,May 2026,174484
Postpaid,RT60-ST,Manchester,June 2026,176472
Postpaid,RT60-ST,Manchester,July 2026,177277
Postpaid,RT60-ST,Manchester,August 2026,186083
Postpaid,RT60-ST,Manchester,September 2026,182607
Postpaid,RT60-ST,Manchester,October 2026,177168
Postpaid,RT60-ST,Manchester,November 2026,182356
Postpaid,RT60-ST,Manchester,December 2026,183155
Postpaid,RT60-ST,Portland,January 2026,85692.76
Postpaid,RT60-ST,Portland,February 2026,80593.31
Postpaid,RT60-ST,Portland,March 2026,96792
Postpaid,RT60-ST,Portland,April 2026,96705
Postpaid,RT60-ST,Portland,May 2026,96700
Postpaid,RT60-ST,Portland,June 2026,97802
Postpaid,RT60-ST,Portland,July 2026,98248
Postpaid,RT60-ST,Portland,August 2026,102054
Postpaid,RT60-ST,Portland,September 2026,100148
Postpaid,RT60-ST,Portland,October 2026,97165
Postpaid,RT60-ST,Portland,November 2026,100010
Postpaid,RT60-ST,Portland,December 2026,100448
Postpaid,RT60-ST,Portmore,January 2026,1536
Postpaid,RT60-ST,Portmore,February 2026,1536
Postpaid,RT60-ST,Portmore,March 2026,1421
Postpaid,RT60-ST,Portmore,April 2026,1419
Postpaid,RT60-ST,Portmore,May 2026,1419
Postpaid,RT60-ST,Portmore,June 2026,1436
Postpaid,RT60-ST,Portmore,July 2026,1442
Postpaid,RT60-ST,Portmore,August 2026,1467
Postpaid,RT60-ST,Portmore,September 2026,1440
Postpaid,RT60-ST,Portmore,October 2026,1397
Postpaid,RT60-ST,Portmore,November 2026,1438
Postpaid,RT60-ST,Portmore,December 2026,1444
Postpaid,RT60-ST,St. Ann,January 2026,136466.72
Postpaid,RT60-ST,St. Ann,February 2026,149403.08
Postpaid,RT60-ST,St. Ann,March 2026,152757
Postpaid,RT60-ST,St. Ann,April 2026,174423
Postpaid,RT60-ST,St. Ann,May 2026,196216
Postpaid,RT60-ST,St. Ann,June 2026,209477
Postpaid,RT60-ST,St. Ann,July 2026,210432
Postpaid,RT60-ST,St. Ann,August 2026,220884
Postpaid,RT60-ST,St. Ann,September 2026,216759
Postpaid,RT60-ST,St. Ann,October 2026,210303
Postpaid,RT60-ST,St. Ann,November 2026,216461
Postpaid,RT60-ST,St. Ann,December 2026,217409
Postpaid,RT60-ST,St. Catherine,January 2026,539019.29
Postpaid,RT60-ST,St. Catherine,February 2026,506013.84
Postpaid,RT60-ST,St. Catherine,March 2026,645520
Postpaid,RT60-ST,St. Catherine,April 2026,644939
Postpaid,RT60-ST,St. Catherine,May 2026,644909
Postpaid,RT60-ST,St. Catherine,June 2026,652256
Postpaid,RT60-ST,St. Catherine,July 2026,655229
Postpaid,RT60-ST,St. Catherine,August 2026,666722
Postpaid,RT60-ST,St. Catherine,September 2026,654271
Postpaid,RT60-ST,St. Catherine,October 2026,634782
Postpaid,RT60-ST,St. Catherine,November 2026,653370
Postpaid,RT60-ST,St. Catherine,December 2026,656233
Postpaid,RT60-ST,St. Elizabeth,January 2026,36783.25
Postpaid,RT60-ST,St. Elizabeth,February 2026,52876.8
Postpaid,RT60-ST,St. Elizabeth,March 2026,107949
Postpaid,RT60-ST,St. Elizabeth,April 2026,115042
Postpaid,RT60-ST,St. Elizabeth,May 2026,129416
Postpaid,RT60-ST,St. Elizabeth,June 2026,138162
Postpaid,RT60-ST,St. Elizabeth,July 2026,138792
Postpaid,RT60-ST,St. Elizabeth,August 2026,138402
Postpaid,RT60-ST,St. Elizabeth,September 2026,135818
Postpaid,RT60-ST,St. Elizabeth,October 2026,131772
Postpaid,RT60-ST,St. Elizabeth,November 2026,135631
Postpaid,RT60-ST,St. Elizabeth,December 2026,136225
Postpaid,RT60-ST,St. James,January 2026,153181.14
Postpaid,RT60-ST,St. James,February 2026,200059.5
Postpaid,RT60-ST,St. James,March 2026,295134
Postpaid,RT60-ST,St. James,April 2026,314527
Postpaid,RT60-ST,St. James,May 2026,353826
Postpaid,RT60-ST,St. James,June 2026,377738
Postpaid,RT60-ST,St. James,July 2026,379460
Postpaid,RT60-ST,St. James,August 2026,398309
Postpaid,RT60-ST,St. James,September 2026,390870
Postpaid,RT60-ST,St. James,October 2026,379228
Postpaid,RT60-ST,St. James,November 2026,390332
Postpaid,RT60-ST,St. James,December 2026,392042
Postpaid,RT60-ST,St. Mary,January 2026,104584.61
Postpaid,RT60-ST,St. Mary,February 2026,98296.26
Postpaid,RT60-ST,St. Mary,March 2026,119675
Postpaid,RT60-ST,St. Mary,April 2026,119567
Postpaid,RT60-ST,St. Mary,May 2026,119562
Postpaid,RT60-ST,St. Mary,June 2026,120924
Postpaid,RT60-ST,St. Mary,July 2026,121475
Postpaid,RT60-ST,St. Mary,August 2026,126181
Postpaid,RT60-ST,St. Mary,September 2026,123824
Postpaid,RT60-ST,St. Mary,October 2026,120136
Postpaid,RT60-ST,St. Mary,November 2026,123654
Postpaid,RT60-ST,St. Mary,December 2026,124196
Postpaid,RT60-ST,St. Thomas,January 2026,111235.82
Postpaid,RT60-ST,St. Thomas,February 2026,99626.99
Postpaid,RT60-ST,St. Thomas,March 2026,103174
Postpaid,RT60-ST,St. Thomas,April 2026,103081
Postpaid,RT60-ST,St. Thomas,May 2026,103076
Postpaid,RT60-ST,St. Thomas,June 2026,104250
Postpaid,RT60-ST,St. Thomas,July 2026,104725
Postpaid,RT60-ST,St. Thomas,August 2026,109927
Postpaid,RT60-ST,St. Thomas,September 2026,107874
Postpaid,RT60-ST,St. Thomas,October 2026,104661
Postpaid,RT60-ST,St. Thomas,November 2026,107726
Postpaid,RT60-ST,St. Thomas,December 2026,108198
Postpaid,RT60-ST,Trelawny,January 2026,43421.4
Postpaid,RT60-ST,Trelawny,February 2026,74494.08
Postpaid,RT60-ST,Trelawny,March 2026,101026
Postpaid,RT60-ST,Trelawny,April 2026,106872
Postpaid,RT60-ST,Trelawny,May 2026,106867
Postpaid,RT60-ST,Trelawny,June 2026,114089
Postpaid,RT60-ST,Trelawny,July 2026,114609
Postpaid,RT60-ST,Trelawny,August 2026,114287
Postpaid,RT60-ST,Trelawny,September 2026,112153
Postpaid,RT60-ST,Trelawny,October 2026,108812
Postpaid,RT60-ST,Trelawny,November 2026,111998
Postpaid,RT60-ST,Trelawny,December 2026,112489
Postpaid,RT60-ST,Westmoreland,January 2026,23627.4
Postpaid,RT60-ST,Westmoreland,February 2026,58363.5
Postpaid,RT60-ST,Westmoreland,March 2026,125154
Postpaid,RT60-ST,Westmoreland,April 2026,133377
Postpaid,RT60-ST,Westmoreland,May 2026,150042
Postpaid,RT60-ST,Westmoreland,June 2026,160182
Postpaid,RT60-ST,Westmoreland,July 2026,160913
Postpaid,RT60-ST,Westmoreland,August 2026,160460
Postpaid,RT60-ST,Westmoreland,September 2026,157464
Postpaid,RT60-ST,Westmoreland,October 2026,152773
Postpaid,RT60-ST,Westmoreland,November 2026,157247
Postpaid,RT60-ST,Westmoreland,December 2026,157936
Postpaid,RT70,Clarendon,January 2026,3618111.84
Postpaid,RT70,Clarendon,February 2026,6153753.48
Postpaid,RT70,Clarendon,March 2026,6718486
Postpaid,RT70,Clarendon,April 2026,6394685
Postpaid,RT70,Clarendon,May 2026,6495934
Postpaid,RT70,Clarendon,June 2026,6745150
Postpaid,RT70,Clarendon,July 2026,6882980
Postpaid,RT70,Clarendon,August 2026,7285251
Postpaid,RT70,Clarendon,September 2026,7129956
Postpaid,RT70,Clarendon,October 2026,7349294
Postpaid,RT70,Clarendon,November 2026,7242710
Postpaid,RT70,Clarendon,December 2026,7588345
Postpaid,RT70,Hanover,January 2026,12
Postpaid,RT70,Hanover,February 2026,24
Postpaid,RT70,Hanover,March 2026,521
Postpaid,RT70,Hanover,April 2026,529
Postpaid,RT70,Hanover,May 2026,605
Postpaid,RT70,Hanover,June 2026,663
Postpaid,RT70,Hanover,July 2026,677
Postpaid,RT70,Hanover,August 2026,680
Postpaid,RT70,Hanover,September 2026,666
Postpaid,RT70,Hanover,October 2026,686
Postpaid,RT70,Hanover,November 2026,676
Postpaid,RT70,Hanover,December 2026,709
Postpaid,RT70,KSAN,January 2026,898728
Postpaid,RT70,KSAN,February 2026,946536
Postpaid,RT70,KSAN,March 2026,905638
Postpaid,RT70,KSAN,April 2026,861990
Postpaid,RT70,KSAN,May 2026,875638
Postpaid,RT70,KSAN,June 2026,909232
Postpaid,RT70,KSAN,July 2026,927811
Postpaid,RT70,KSAN,August 2026,982036
Postpaid,RT70,KSAN,September 2026,961103
Postpaid,RT70,KSAN,October 2026,990669
Postpaid,RT70,KSAN,November 2026,976302
Postpaid,RT70,KSAN,December 2026,1022893
Postpaid,RT70,KSAS,January 2026,7167139.142
Postpaid,RT70,KSAS,February 2026,6474732.478
Postpaid,RT70,KSAS,March 2026,4849726
Postpaid,RT70,KSAS,April 2026,4615990
Postpaid,RT70,KSAS,May 2026,4689076
Postpaid,RT70,KSAS,June 2026,4868973
Postpaid,RT70,KSAS,July 2026,4968465
Postpaid,RT70,KSAS,August 2026,5097859
Postpaid,RT70,KSAS,September 2026,4989190
Postpaid,RT70,KSAS,October 2026,5142673
Postpaid,RT70,KSAS,November 2026,5068090
Postpaid,RT70,KSAS,December 2026,5309949
Postpaid,RT70,Manchester,March 2026,0
Postpaid,RT70,Manchester,April 2026,0
Postpaid,RT70,Manchester,May 2026,0
Postpaid,RT70,Manchester,June 2026,0
Postpaid,RT70,Manchester,July 2026,0
Postpaid,RT70,Manchester,August 2026,0
Postpaid,RT70,Manchester,September 2026,0
Postpaid,RT70,Manchester,October 2026,0
Postpaid,RT70,Manchester,November 2026,0
Postpaid,RT70,Manchester,December 2026,0
Postpaid,RT70,Portland,March 2026,0
Postpaid,RT70,Portland,April 2026,0
Postpaid,RT70,Portland,May 2026,0
Postpaid,RT70,Portland,June 2026,0
Postpaid,RT70,Portland,July 2026,0
Postpaid,RT70,Portland,August 2026,0
Postpaid,RT70,Portland,September 2026,0
Postpaid,RT70,Portland,October 2026,0
Postpaid,RT70,Portland,November 2026,0
Postpaid,RT70,Portland,December 2026,0
Postpaid,RT70,Portmore,March 2026,0
Postpaid,RT70,Portmore,April 2026,0
Postpaid,RT70,Portmore,May 2026,0
Postpaid,RT70,Portmore,June 2026,0
Postpaid,RT70,Portmore,July 2026,0
Postpaid,RT70,Portmore,August 2026,0
Postpaid,RT70,Portmore,September 2026,0
Postpaid,RT70,Portmore,October 2026,0
Postpaid,RT70,Portmore,November 2026,0
Postpaid,RT70,Portmore,December 2026,0
Postpaid,RT70,St. Ann,January 2026,1559928
Postpaid,RT70,St. Ann,February 2026,1255212
Postpaid,RT70,St. Ann,March 2026,1626537
Postpaid,RT70,St. Ann,April 2026,1769308
Postpaid,RT70,St. Ann,May 2026,2021987
Postpaid,RT70,St. Ann,June 2026,2216203
Postpaid,RT70,St. Ann,July 2026,2261489
Postpaid,RT70,St. Ann,August 2026,2393660
Postpaid,RT70,St. Ann,September 2026,2342636
Postpaid,RT70,St. Ann,October 2026,2414702
Postpaid,RT70,St. Ann,November 2026,2379683
Postpaid,RT70,St. Ann,December 2026,2493245
Postpaid,RT70,St. Catherine,January 2026,3335012.57
Postpaid,RT70,St. Catherine,February 2026,2935027.7
Postpaid,RT70,St. Catherine,March 2026,2543926
Postpaid,RT70,St. Catherine,April 2026,2421320
Postpaid,RT70,St. Catherine,May 2026,2459658
Postpaid,RT70,St. Catherine,June 2026,2554022
Postpaid,RT70,St. Catherine,July 2026,2606211
Postpaid,RT70,St. Catherine,August 2026,2674085
Postpaid,RT70,St. Catherine,September 2026,2617083
Postpaid,RT70,St. Catherine,October 2026,2697592
Postpaid,RT70,St. Catherine,November 2026,2658470
Postpaid,RT70,St. Catherine,December 2026,2785337
Postpaid,RT70,St. Elizabeth,March 2026,0
Postpaid,RT70,St. Elizabeth,April 2026,0
Postpaid,RT70,St. Elizabeth,May 2026,0
Postpaid,RT70,St. Elizabeth,June 2026,0
Postpaid,RT70,St. Elizabeth,July 2026,0
Postpaid,RT70,St. Elizabeth,August 2026,0
Postpaid,RT70,St. Elizabeth,September 2026,0
Postpaid,RT70,St. Elizabeth,October 2026,0
Postpaid,RT70,St. Elizabeth,November 2026,0
Postpaid,RT70,St. Elizabeth,December 2026,0
Postpaid,RT70,St. James,January 2026,3019164
Postpaid,RT70,St. James,February 2026,2630982
Postpaid,RT70,St. James,March 2026,2948348
Postpaid,RT70,St. James,April 2026,2993334
Postpaid,RT70,St. James,May 2026,3420820
Postpaid,RT70,St. James,June 2026,3749396
Postpaid,RT70,St. James,July 2026,3826011
Postpaid,RT70,St. James,August 2026,4049620
Postpaid,RT70,St. James,September 2026,3963296
Postpaid,RT70,St. James,October 2026,4085219
Postpaid,RT70,St. James,November 2026,4025972
Postpaid,RT70,St. James,December 2026,4218099
Postpaid,RT70,St. Mary,March 2026,0
Postpaid,RT70,St. Mary,April 2026,0
Postpaid,RT70,St. Mary,May 2026,0
Postpaid,RT70,St. Mary,June 2026,0
Postpaid,RT70,St. Mary,July 2026,0
Postpaid,RT70,St. Mary,August 2026,0
Postpaid,RT70,St. Mary,September 2026,0
Postpaid,RT70,St. Mary,October 2026,0
Postpaid,RT70,St. Mary,November 2026,0
Postpaid,RT70,St. Mary,December 2026,0
Postpaid,RT70,St. Thomas,March 2026,0
Postpaid,RT70,St. Thomas,April 2026,0
Postpaid,RT70,St. Thomas,May 2026,0
Postpaid,RT70,St. Thomas,June 2026,0
Postpaid,RT70,St. Thomas,July 2026,0
Postpaid,RT70,St. Thomas,August 2026,0
Postpaid,RT70,St. Thomas,September 2026,0
Postpaid,RT70,St. Thomas,October 2026,0
Postpaid,RT70,St. Thomas,November 2026,0
Postpaid,RT70,St. Thomas,December 2026,0
Postpaid,RT70,Trelawny,January 2026,773224.8
Postpaid,RT70,Trelawny,February 2026,692256
Postpaid,RT70,Trelawny,March 2026,46129
Postpaid,RT70,Trelawny,April 2026,46489
Postpaid,RT70,Trelawny,May 2026,47225
Postpaid,RT70,Trelawny,June 2026,51761
Postpaid,RT70,Trelawny,July 2026,52818
Postpaid,RT70,Trelawny,August 2026,53110
Postpaid,RT70,Trelawny,September 2026,51978
Postpaid,RT70,Trelawny,October 2026,53577
Postpaid,RT70,Trelawny,November 2026,52800
Postpaid,RT70,Trelawny,December 2026,55320
Postpaid,RT70,Westmoreland,January 2026,0
Postpaid,RT70,Westmoreland,February 2026,0
Postpaid,RT70,Westmoreland,March 2026,634657
Postpaid,RT70,Westmoreland,April 2026,644341
Postpaid,RT70,Westmoreland,May 2026,736361
Postpaid,RT70,Westmoreland,June 2026,807090
Postpaid,RT70,Westmoreland,July 2026,823582
Postpaid,RT70,Westmoreland,August 2026,828130
Postpaid,RT70,Westmoreland,September 2026,810477
Postpaid,RT70,Westmoreland,October 2026,835410
Postpaid,RT70,Westmoreland,November 2026,823294
Postpaid,RT70,Westmoreland,December 2026,862583
Prepaid,RT10,Clarendon,January 2026,66341.292
Prepaid,RT10,Clarendon,February 2026,59416.915
Prepaid,RT10,Hanover,January 2026,11847.767
Prepaid,RT10,Hanover,February 2026,10197.388
Prepaid,RT10,KSAN,January 2026,489360.079
Prepaid,RT10,KSAN,February 2026,424173.941
Prepaid,RT10,KSAS,January 2026,259972.179
Prepaid,RT10,KSAS,February 2026,228202.77
Prepaid,RT10,Manchester,January 2026,80587.857
Prepaid,RT10,Manchester,February 2026,73856.177
Prepaid,RT10,Portland,January 2026,34303.567
Prepaid,RT10,Portland,February 2026,29949.139
Prepaid,RT10,Portmore,January 2026,161512.469
Prepaid,RT10,Portmore,February 2026,145835.691
Prepaid,RT10,St. Ann,January 2026,112509.088
Prepaid,RT10,St. Ann,February 2026,98645.219
Prepaid,RT10,St. Catherine,January 2026,609008.48
Prepaid,RT10,St. Catherine,February 2026,534357.736
Prepaid,RT10,St. Elizabeth,January 2026,28458.973
Prepaid,RT10,St. Elizabeth,February 2026,33693.421
Prepaid,RT10,St. James,January 2026,73914.864
Prepaid,RT10,St. James,February 2026,72455.695
Prepaid,RT10,St. Mary,January 2026,24752.206
Prepaid,RT10,St. Mary,February 2026,22639.594
Prepaid,RT10,St. Thomas,January 2026,31093.789
Prepaid,RT10,St. Thomas,February 2026,26822.415
Prepaid,RT10,Trelawny,January 2026,24678.097
Prepaid,RT10,Trelawny,February 2026,21486.452
Prepaid,RT10,Westmoreland,January 2026,21300.662
Prepaid,RT10,Westmoreland,February 2026,29693.066
Prepaid,RT20,Clarendon,January 2026,3303.567
Prepaid,RT20,Clarendon,February 2026,3027.804
Prepaid,RT20,Hanover,January 2026,1172.953
Prepaid,RT20,Hanover,February 2026,1491.828
Prepaid,RT20,KSAN,January 2026,13877.789
Prepaid,RT20,KSAN,February 2026,12099.677
Prepaid,RT20,KSAS,January 2026,5488.825
Prepaid,RT20,KSAS,February 2026,4491.439
Prepaid,RT20,Manchester,January 2026,12584.983
Prepaid,RT20,Manchester,February 2026,9260.212
Prepaid,RT20,Portland,January 2026,2043.362
Prepaid,RT20,Portland,February 2026,1877.849
Prepaid,RT20,Portmore,January 2026,5809.954
Prepaid,RT20,Portmore,February 2026,5777.477
Prepaid,RT20,St. Ann,January 2026,3522.076
Prepaid,RT20,St. Ann,February 2026,2316.312
Prepaid,RT20,St. Catherine,January 2026,28412.301
Prepaid,RT20,St. Catherine,February 2026,24914.157
Prepaid,RT20,St. Elizabeth,January 2026,3349.881
Prepaid,RT20,St. Elizabeth,February 2026,4327.65
Prepaid,RT20,St. James,January 2026,3480.982
Prepaid,RT20,St. James,February 2026,3655.589
Prepaid,RT20,St. Mary,January 2026,1173.241
Prepaid,RT20,St. Mary,February 2026,1039.819
Prepaid,RT20,St. Thomas,January 2026,2140.772
Prepaid,RT20,St. Thomas,February 2026,912.469
Prepaid,RT20,Trelawny,January 2026,77.49
Prepaid,RT20,Trelawny,February 2026,317.996
Prepaid,RT20,Westmoreland,January 2026,218.564
Prepaid,RT20,Westmoreland,February 2026,304.328
